image,true_id,true_name,pred_id,pred_name,conf,correct
frame_000240_4-00s_png.rf.IqrITFcRaaYk9rOwW5OH.png,8,pidgey,5,lapras,0.2095920890569687,0
frame_000360_6-00s_png.rf.8Ij77QGqsjnAoj4MV7Oh.png,8,pidgey,3,eevee,0.16410371661186218,0
frame_000360_6-00s_png.rf.8Ij77QGqsjnAoj4MV7Oh.png,8,pidgey,6,magikarp,0.2620484232902527,0
frame_000360_6-00s_png.rf.8Ij77QGqsjnAoj4MV7Oh.png,8,pidgey,9,pikachu,0.15562158823013306,0
frame_000420_7-00s_png.rf.CmuRZJU3cWRKqKM895MH.png,8,pidgey,7,meowth,0.18585899472236633,0
frame_000420_7-00s_png.rf.CmuRZJU3cWRKqKM895MH.png,8,pidgey,9,pikachu,0.48796191811561584,0
frame_000420_7-00s_png.rf.CmuRZJU3cWRKqKM895MH.png,8,pidgey,3,eevee,0.15253768861293793,0
frame_000480_8-00s_png.rf.hKOCNLtTdwgQemyYp42A.png,8,pidgey,3,eevee,0.19908259809017181,0
frame_000480_8-00s_png.rf.hKOCNLtTdwgQemyYp42A.png,8,pidgey,3,eevee,0.7419325709342957,0
frame_000540_9-00s_png.rf.fxkkchE0lRNDeijSma9i.png,8,pidgey,3,eevee,0.5980575084686279,0
frame_000540_9-00s_png.rf.fxkkchE0lRNDeijSma9i.png,8,pidgey,11,snorlax,0.9399878978729248,0
frame_000660_11-00s_png.rf.d0w9Oyu2UYDwuUqEdnai.png,8,pidgey,9,pikachu,0.2966158390045166,0
frame_000660_11-00s_png.rf.d0w9Oyu2UYDwuUqEdnai.png,8,pidgey,3,eevee,0.7906692624092102,0
frame_000720_12-00s_png.rf.jQnBqQCU6YkqHNMWc8Oz.png,8,pidgey,9,pikachu,0.6263024806976318,0
frame_000720_12-00s_png.rf.jQnBqQCU6YkqHNMWc8Oz.png,8,pidgey,8,pidgey,0.13331395387649536,1
frame_000720_12-00s_png.rf.jQnBqQCU6YkqHNMWc8Oz.png,8,pidgey,11,snorlax,0.42357319593429565,0
frame_000900_15-00s_png.rf.UVOHqrCOnize2qbEdnmn.png,0,butterfree,3,eevee,0.15297535061836243,0
frame_000900_15-00s_png.rf.UVOHqrCOnize2qbEdnmn.png,9,pikachu,3,eevee,0.144528329372406,0
frame_000960_16-00s_png.rf.LlzIXq7zTqXt441vQLDK.png,9,pikachu,2,doduo,0.23736870288848877,0
frame_001020_17-00s_png.rf.yUl4UOzftZ1EuKDQ0pgs.png,9,pikachu,9,pikachu,0.7985025644302368,1
frame_001020_17-00s_png.rf.yUl4UOzftZ1EuKDQ0pgs.png,0,butterfree,8,pidgey,0.13974468410015106,0
frame_001080_18-00s_png.rf.2EFzO1WrnbpqdkWOwQ2r.png,2,doduo,2,doduo,0.6441305875778198,1
frame_001080_18-00s_png.rf.2EFzO1WrnbpqdkWOwQ2r.png,9,pikachu,9,pikachu,0.9655444025993347,1
frame_001140_19-00s_png.rf.8l8jJInVnVw8oKi6Wzwd.png,0,butterfree,11,snorlax,0.5243337750434875,0
frame_001140_19-00s_png.rf.8l8jJInVnVw8oKi6Wzwd.png,9,pikachu,9,pikachu,0.9966269731521606,1
frame_001140_19-00s_png.rf.8l8jJInVnVw8oKi6Wzwd.png,2,doduo,2,doduo,0.9708036184310913,1
frame_001200_20-00s_png.rf.RAWjGKVz0wjt70omlZLq.png,9,pikachu,9,pikachu,0.2428022176027298,1
frame_001260_21-00s_png.rf.vz7IpaLmY0W4Pl7sx07D.png,2,doduo,2,doduo,0.26231464743614197,1
frame_001260_21-00s_png.rf.vz7IpaLmY0W4Pl7sx07D.png,9,pikachu,9,pikachu,0.9319785237312317,1
frame_001260_21-00s_png.rf.vz7IpaLmY0W4Pl7sx07D.png,0,butterfree,5,lapras,0.18614275753498077,0
frame_001320_22-00s_png.rf.365Ui1KsjHY5GJZrvAZJ.png,9,pikachu,9,pikachu,0.9776487946510315,1
frame_001320_22-00s_png.rf.365Ui1KsjHY5GJZrvAZJ.png,2,doduo,2,doduo,0.24145515263080597,1
frame_001380_23-00s_png.rf.kyaOK2fcryFABCzrRqvb.png,0,butterfree,1,chansey,0.9865049719810486,0
frame_001380_23-00s_png.rf.kyaOK2fcryFABCzrRqvb.png,2,doduo,2,doduo,0.21671134233474731,1
frame_001440_24-00s_png.rf.vrz1DJDL7e5HjqCrvzQ8.png,9,pikachu,9,pikachu,0.3725030720233917,1
frame_001440_24-00s_png.rf.vrz1DJDL7e5HjqCrvzQ8.png,2,doduo,9,pikachu,0.1744435578584671,0
frame_001500_25-00s_png.rf.FI03fTn3rFuVDSkkbqH5.png,9,pikachu,9,pikachu,0.9892253279685974,1
frame_001560_26-00s_png.rf.tUkL6nbf7KkteAJWKHlJ.png,0,butterfree,1,chansey,0.9905123114585876,0
frame_001740_29-00s_png.rf.0uPm6hP9fBXlNcOftnl7.png,2,doduo,2,doduo,0.24026933312416077,1
frame_001800_30-00s_png.rf.7YrzIxno0tkM3YNhB8HT.png,2,doduo,2,doduo,0.8242537975311279,1
frame_001800_30-00s_png.rf.7YrzIxno0tkM3YNhB8HT.png,0,butterfree,3,eevee,0.5008324384689331,0
frame_001860_31-00s_png.rf.xpymG8vNkXToiFvImhRk.png,0,butterfree,1,chansey,0.2924160063266754,0
frame_001860_31-00s_png.rf.xpymG8vNkXToiFvImhRk.png,2,doduo,2,doduo,0.9623197913169861,1
frame_001920_32-00s_png.rf.GrdM1puTXanwQp4Z9ciw.png,0,butterfree,3,eevee,0.8830183148384094,0
frame_001980_33-00s_png.rf.fcgFZdctwaVn8Sc1j6rQ.png,0,butterfree,3,eevee,0.661919355392456,0
frame_002040_34-00s_png.rf.L5Mmh1TKGBh8nM03IUyn.png,0,butterfree,6,magikarp,0.6703023314476013,0
frame_002100_35-00s_png.rf.PdFzTBARL02UVOsddY9B.png,0,butterfree,0,butterfree,0.7842456698417664,1
frame_002340_39-00s_png.rf.A3GJ8szca9dwkQYY8Zyd.png,0,butterfree,3,eevee,0.9917362332344055,0
frame_002580_43-00s_png.rf.OpACJtsX8zcCEURK7B8L.png,0,butterfree,9,pikachu,0.23554041981697083,0
frame_002580_43-00s_png.rf.OpACJtsX8zcCEURK7B8L.png,11,snorlax,3,eevee,0.22917424142360687,0
frame_002640_44-00s_png.rf.YTL3okUi4Z25hLXcDeZo.png,11,snorlax,11,snorlax,0.27974385023117065,1
frame_002640_44-00s_png.rf.YTL3okUi4Z25hLXcDeZo.png,0,butterfree,1,chansey,0.9886051416397095,0
frame_002640_44-00s_png.rf.YTL3okUi4Z25hLXcDeZo.png,0,butterfree,9,pikachu,0.21564090251922607,0
frame_002700_45-00s_png.rf.mlUcyaQfHjQ6LZdwURRc.png,0,butterfree,3,eevee,0.3247896134853363,0
frame_002700_45-00s_png.rf.mlUcyaQfHjQ6LZdwURRc.png,0,butterfree,9,pikachu,0.14776593446731567,0
frame_002700_45-00s_png.rf.mlUcyaQfHjQ6LZdwURRc.png,11,snorlax,3,eevee,0.15607322752475739,0
frame_002760_46-00s_png.rf.f5H3MxM9kJ3qAx87BNeY.png,11,snorlax,3,eevee,0.1699589192867279,0
frame_002760_46-00s_png.rf.f5H3MxM9kJ3qAx87BNeY.png,0,butterfree,9,pikachu,0.17393624782562256,0
frame_002760_46-00s_png.rf.f5H3MxM9kJ3qAx87BNeY.png,0,butterfree,9,pikachu,0.6113374829292297,0
frame_002820_47-00s_png.rf.vER5cHPRnd59AXrZS6md.png,11,snorlax,3,eevee,0.16429591178894043,0
frame_002820_47-00s_png.rf.vER5cHPRnd59AXrZS6md.png,0,butterfree,5,lapras,0.264350026845932,0
frame_002820_47-00s_png.rf.vER5cHPRnd59AXrZS6md.png,0,butterfree,1,chansey,0.18250684440135956,0
frame_002880_48-00s_png.rf.qiLsvrw0YUpTanZvCDBR.png,0,butterfree,9,pikachu,0.6319519877433777,0
frame_002880_48-00s_png.rf.qiLsvrw0YUpTanZvCDBR.png,11,snorlax,2,doduo,0.20552033185958862,0
frame_002940_49-00s_png.rf.XLpbRcPW0A94aDbERcab.png,0,butterfree,1,chansey,0.7866678833961487,0
frame_002940_49-00s_png.rf.XLpbRcPW0A94aDbERcab.png,11,snorlax,3,eevee,0.1792118102312088,0
frame_003000_50-00s_png.rf.Joa9EtU4COcctncMUE8l.png,0,butterfree,1,chansey,0.7735459208488464,0
frame_003000_50-00s_png.rf.Joa9EtU4COcctncMUE8l.png,11,snorlax,3,eevee,0.17498645186424255,0
frame_003060_51-00s_png.rf.xqTdOC7NUbTd8XZElmgt.png,11,snorlax,7,meowth,0.23543599247932434,0
frame_003060_51-00s_png.rf.xqTdOC7NUbTd8XZElmgt.png,0,butterfree,3,eevee,0.8380391597747803,0
frame_003120_52-00s_png.rf.8GPekUjUscUehEOawlCB.png,11,snorlax,6,magikarp,0.2854308784008026,0
frame_003120_52-00s_png.rf.8GPekUjUscUehEOawlCB.png,0,butterfree,11,snorlax,0.4560812711715698,0
frame_003180_53-00s_png.rf.VDxC1fLkYlsI4rX8F0ge.png,11,snorlax,11,snorlax,0.5966525077819824,1
frame_003240_54-00s_png.rf.sjfOagqJeZx7bOO4lfGU.png,11,snorlax,11,snorlax,0.9529653191566467,1
frame_003300_55-00s_png.rf.uTTt2BwiFJXiz8jbP5g4.png,11,snorlax,3,eevee,0.4164382815361023,0
frame_003360_56-00s_png.rf.N9zswyf3WprKRN2mz5N5.png,7,meowth,1,chansey,0.3002012073993683,0
frame_003420_57-00s_png.rf.Ny54vBojv3xc3wu1iACD.png,7,meowth,9,pikachu,0.4985458254814148,0
frame_003480_58-00s_png.rf.WeHDBi4j75WtSDNxD2u1.png,7,meowth,9,pikachu,0.2755393385887146,0
frame_003540_59-00s_png.rf.DUQ2QmMbwhJklLMieNlQ.png,7,meowth,9,pikachu,0.26661205291748047,0
frame_003600_60-00s_png.rf.cSHGxG87XOcow0K5ieum.png,7,meowth,6,magikarp,0.23333434760570526,0
frame_003900_65-00s_png.rf.2ph2DOuixON5VFnk9AXs.png,7,meowth,1,chansey,0.8273953199386597,0
frame_003960_66-00s_png.rf.YtKIc4neqIvmoQnEiEp7.png,7,meowth,9,pikachu,0.42774009704589844,0
frame_004020_67-00s_png.rf.5CJaLu9U9EjGFE2GYzO7.png,7,meowth,7,meowth,0.9503138065338135,1
frame_004080_68-00s_png.rf.6f1juqfK3Xd5vAmo5Myj.png,7,meowth,2,doduo,0.19656671583652496,0
frame_004140_69-00s_png.rf.vN63VnUvUYA8C3PzQ4DE.png,7,meowth,7,meowth,0.48023849725723267,1
frame_004200_70-00s_png.rf.mMnx7zdReN8NUFwmeIie.png,7,meowth,4,kangaskhan,0.25069236755371094,0
frame_004440_74-00s_png.rf.TfGacVT17G2S96eXizeH.png,0,butterfree,1,chansey,0.6069141030311584,0
frame_004440_74-00s_png.rf.TfGacVT17G2S96eXizeH.png,0,butterfree,3,eevee,0.16307991743087769,0
frame_004500_75-00s_png.rf.xgIpQ1jim8z6sdLK8BIu.png,0,butterfree,3,eevee,0.15323053300380707,0
frame_004560_76-00s_png.rf.GutPftce1dBdwZLNnmOg.png,0,butterfree,3,eevee,0.1451624631881714,0
frame_004560_76-00s_png.rf.GutPftce1dBdwZLNnmOg.png,0,butterfree,1,chansey,0.9601485729217529,0
frame_004740_79-00s_png.rf.W25ij2FhSulG8tby9j54.png,0,butterfree,3,eevee,0.16070139408111572,0
frame_004800_80-00s_png.rf.Byz9JqGyqp95PQakDb7A.png,0,butterfree,1,chansey,0.5159489512443542,0
frame_004800_80-00s_png.rf.Byz9JqGyqp95PQakDb7A.png,8,pidgey,9,pikachu,0.31882816553115845,0
frame_004860_81-00s_png.rf.ikihryyZzDlsT6veNT6C.png,0,butterfree,11,snorlax,0.16449980437755585,0
frame_004860_81-00s_png.rf.ikihryyZzDlsT6veNT6C.png,0,butterfree,1,chansey,0.9420197010040283,0
frame_004860_81-00s_png.rf.ikihryyZzDlsT6veNT6C.png,8,pidgey,11,snorlax,0.17915552854537964,0
frame_004860_81-00s_png.rf.ikihryyZzDlsT6veNT6C.png,7,meowth,3,eevee,0.41894593834877014,0
frame_004920_82-00s_png.rf.GIuu7h1UKkREUqQ79Uqg.png,5,lapras,3,eevee,0.16597414016723633,0
frame_004920_82-00s_png.rf.GIuu7h1UKkREUqQ79Uqg.png,0,butterfree,1,chansey,0.9684363007545471,0
frame_004980_83-00s_png.rf.iesiZHVzKciMWAA8wjqb.png,0,butterfree,1,chansey,0.7100677490234375,0
frame_004980_83-00s_png.rf.iesiZHVzKciMWAA8wjqb.png,5,lapras,3,eevee,0.16327358782291412,0
frame_005040_84-00s_png.rf.jyHAKLOae6tjC4apeGfP.png,0,butterfree,9,pikachu,0.18543314933776855,0
frame_005040_84-00s_png.rf.jyHAKLOae6tjC4apeGfP.png,5,lapras,3,eevee,0.163069486618042,0
frame_005040_84-00s_png.rf.jyHAKLOae6tjC4apeGfP.png,8,pidgey,3,eevee,0.20935767889022827,0
frame_005040_84-00s_png.rf.jyHAKLOae6tjC4apeGfP.png,7,meowth,7,meowth,0.8898606896400452,1
frame_005100_85-00s_png.rf.5nVX2rTAGXTH0Eehioiy.png,0,butterfree,3,eevee,0.41618460416793823,0
frame_005100_85-00s_png.rf.5nVX2rTAGXTH0Eehioiy.png,0,butterfree,3,eevee,0.17896051704883575,0
frame_005100_85-00s_png.rf.5nVX2rTAGXTH0Eehioiy.png,8,pidgey,5,lapras,0.3156489431858063,0
frame_005100_85-00s_png.rf.5nVX2rTAGXTH0Eehioiy.png,7,meowth,7,meowth,0.629726767539978,1
frame_005160_86-00s_png.rf.RD2LpAqTzKk8OVlPtaot.png,0,butterfree,9,pikachu,0.2809807062149048,0
frame_006120_102-00s_png.rf.CFXMV3TBm8Y69Q8lJ2jm.png,0,butterfree,1,chansey,0.6984659433364868,0
frame_006180_103-00s_png.rf.luiko8jjdArhQFaLTCDs.png,0,butterfree,3,eevee,0.6796677708625793,0
frame_006240_104-00s_png.rf.bzSEM4My2LQKg42fWt3U.png,0,butterfree,1,chansey,0.4299585223197937,0
frame_006420_107-00s_png.rf.8Fl9hOwQJ05alCCOnoGF.png,6,magikarp,9,pikachu,0.3265238404273987,0
frame_006480_108-00s_png.rf.J6lm8btKmkUcnhHYYZHr.png,6,magikarp,9,pikachu,0.3101634681224823,0
frame_006540_109-00s_png.rf.biKZbEt34d9v8mSubtzB.png,0,butterfree,3,eevee,0.1681855171918869,0
frame_006600_110-00s_png.rf.9r7G44b6IT7tRJ701oco.png,6,magikarp,9,pikachu,0.7340408563613892,0
frame_006660_111-00s_png.rf.YmNgKuF84lhbVEpX0OCe.png,0,butterfree,1,chansey,0.3592720925807953,0
frame_006900_115-00s_png.rf.w0JBJ4j6LbSSOmTKYvPe.png,2,doduo,2,doduo,0.7403318881988525,1
frame_006960_116-00s_png.rf.SYmdEQB0hNUJJHRU1Wr5.png,10,scyther,2,doduo,0.1617618352174759,0
frame_007080_118-00s_png.rf.JaZODrIkVkh0KEjZYwQl.png,10,scyther,11,snorlax,0.33835160732269287,0
frame_007140_119-00s_png.rf.lMcfvSRSOYAK8L25LHoY.png,10,scyther,11,snorlax,0.11944814026355743,0
frame_007200_120-00s_png.rf.XfnOCAr0ONcjL7BF9nP1.png,10,scyther,1,chansey,0.5587570667266846,0
frame_007260_121-00s_png.rf.7Kg5QVMnIcqeq2TXQE0X.png,10,scyther,5,lapras,0.2516889274120331,0
frame_007320_122-00s_png.rf.ajfFUW0BEWGIvqxvh7pF.png,10,scyther,2,doduo,0.3455120325088501,0
frame_007380_123-00s_png.rf.k6NIgt33tWhMhdTmBcSw.png,10,scyther,11,snorlax,0.45706966519355774,0
frame_007680_128-00s_png.rf.RfZXbyNHynMmJrKNDs2u.png,3,eevee,3,eevee,0.4167380928993225,1
frame_007740_129-00s_png.rf.YQLU9SbhOJ8GEL8O8NcZ.png,3,eevee,9,pikachu,0.7637679576873779,0
frame_007800_130-00s_png.rf.k5HLt5iaBhVWZWF9GRgp.png,3,eevee,3,eevee,0.9980406165122986,1
frame_007860_131-00s_png.rf.XupRy6ImEbezVDpAPzTm.png,3,eevee,3,eevee,0.9990027546882629,1
frame_007920_132-00s_png.rf.Z8Jpxr7nepEzWMeUSEu0.png,1,chansey,11,snorlax,0.7586095333099365,0
frame_007920_132-00s_png.rf.Z8Jpxr7nepEzWMeUSEu0.png,3,eevee,3,eevee,0.998354971408844,1
frame_007980_133-00s_png.rf.m5fwV3d2Neqkt5HyYazP.png,3,eevee,3,eevee,0.9320382475852966,1
frame_007980_133-00s_png.rf.m5fwV3d2Neqkt5HyYazP.png,1,chansey,11,snorlax,0.8078539967536926,0
frame_008040_134-00s_png.rf.jnQxoto2BgptGrMwPHoW.png,1,chansey,1,chansey,0.9671441316604614,1
frame_008100_135-00s_png.rf.vAaoonThbcN7dFVMeWZL.png,1,chansey,1,chansey,0.7949182987213135,1
frame_008100_135-00s_png.rf.vAaoonThbcN7dFVMeWZL.png,3,eevee,3,eevee,0.2238730639219284,1
frame_008160_136-00s_png.rf.HUEQbNI3IGglQHqYUQip.png,3,eevee,3,eevee,0.28850632905960083,1
frame_008160_136-00s_png.rf.HUEQbNI3IGglQHqYUQip.png,1,chansey,1,chansey,0.9670495986938477,1
frame_008220_137-00s_png.rf.ZWAF5jGVza7HDPkH4dwS.png,0,butterfree,1,chansey,0.651111364364624,0
frame_008280_138-00s_png.rf.rntA1KmJrM3RbHY1kigw.png,5,lapras,3,eevee,0.1648310422897339,0
frame_008280_138-00s_png.rf.rntA1KmJrM3RbHY1kigw.png,0,butterfree,1,chansey,0.17272765934467316,0
frame_008340_139-00s_png.rf.tvzqgb7jDnk0WmQHZxQq.png,4,kangaskhan,11,snorlax,0.7344187498092651,0
frame_008340_139-00s_png.rf.tvzqgb7jDnk0WmQHZxQq.png,5,lapras,3,eevee,0.1351965218782425,0
frame_008400_140-00s_png.rf.RDynbJxJ7qfGfPUzRFfl.png,4,kangaskhan,4,kangaskhan,0.8671345710754395,1
frame_008400_140-00s_png.rf.RDynbJxJ7qfGfPUzRFfl.png,6,magikarp,2,doduo,0.5659183859825134,0
frame_008460_141-00s_png.rf.Ow3PqxtEn7FAr07V8oUn.png,4,kangaskhan,4,kangaskhan,0.9541599750518799,1
frame_008520_142-00s_png.rf.8cxVh1EOvrjKf7VoigVY.png,4,kangaskhan,11,snorlax,0.6579195261001587,0
frame_008580_143-00s_png.rf.6PVAiIKvGKiumrdqpuSa.png,4,kangaskhan,4,kangaskhan,0.5124232769012451,1
frame_008640_144-00s_png.rf.6HOIM32m7U50kqid0gEz.png,4,kangaskhan,4,kangaskhan,0.8000909686088562,1
frame_008820_147-00s_png.rf.f7Dj9tIg3j99JeIa6K94.png,8,pidgey,9,pikachu,0.8028542995452881,0
frame_008820_147-00s_png.rf.f7Dj9tIg3j99JeIa6K94.png,8,pidgey,9,pikachu,0.26315006613731384,0
frame_008880_148-00s_png.rf.NYt3jK4VKZVaVicSK5uK.png,8,pidgey,9,pikachu,0.4915597140789032,0
frame_009360_156-00s_png.rf.NpcYC1cWYOnLGo9mTGEn.png,7,meowth,3,eevee,0.5614630579948425,0
frame_009420_157-00s_png.rf.DXvLNUikSOFuwm8xcpuV.png,7,meowth,7,meowth,0.8098435997962952,1
frame_009480_158-00s_png.rf.udGcLR6zCOs2TxdjfY68.png,7,meowth,3,eevee,0.35863667726516724,0
frame_009540_159-00s_png.rf.23QnmPCRnHSoFByALgdR.png,7,meowth,9,pikachu,0.3799166679382324,0
frame_009600_160-00s_png.rf.Le8OCF6v3yngmibFr2gX.png,7,meowth,7,meowth,0.44767051935195923,1
frame_009660_161-00s_png.rf.9Sx5guXFQueFG0Ruu8rC.png,7,meowth,3,eevee,0.14656934142112732,0
